county,office,district,party,candidate,votes
Adams,President/Vice President,,,Howard Phillips,13
Adams,President/Vice President,,,Pat Buchanan,63
Adams,President/Vice President,,,Ralph Nader,162
Adams,President/Vice President,,D,Al Gore,3581
Adams,President/Vice President,,L,Harry Browne,20
Adams,President/Vice President,,N,John Hagelin,16
Adams,President/Vice President,,R,George Bush,6380
Adams,U.S. Senate,,D,Ted Celeste,2949
Adams,U.S. Senate,,L,John Mcalister,238
Adams,U.S. Senate,,N,John Eastman,187
Adams,U.S. Senate,,R,Mike Dewine,6508
Allen,President/Vice President,,,Howard Phillips,20
Allen,President/Vice President,,,Pat Buchanan,193
Allen,President/Vice President,,,Ralph Nader,760
Allen,President/Vice President,,D,Al Gore,13996
Allen,President/Vice President,,L,Harry Browne,134
Allen,President/Vice President,,N,John Hagelin,45
Allen,President/Vice President,,R,George Bush,28647
Allen,U.S. Senate,,,Michael Fitzsimmons,2
Allen,U.S. Senate,,,Patrick Flower,1
Allen,U.S. Senate,,D,Ted Celeste,11134
Allen,U.S. Senate,,L,John Mcalister,877
Allen,U.S. Senate,,N,John Eastman,619
Allen,U.S. Senate,,R,Mike Dewine,27926
Ashland,President/Vice President,,,Howard Phillips,23
Ashland,President/Vice President,,,Pat Buchanan,374
Ashland,President/Vice President,,,Ralph Nader,563
Ashland,President/Vice President,,D,Al Gore,6685
Ashland,President/Vice President,,L,Harry Browne,63
Ashland,President/Vice President,,N,John Hagelin,17
Ashland,President/Vice President,,R,George Bush,13533
Ashland,U.S. Senate,,D,Ted Celeste,4708
Ashland,U.S. Senate,,L,John Mcalister,601
Ashland,U.S. Senate,,N,John Eastman,263
Ashland,U.S. Senate,,R,Mike Dewine,14992
Ashtabula,President/Vice President,,,Howard Phillips,51
Ashtabula,President/Vice President,,,Pat Buchanan,338
Ashtabula,President/Vice President,,,Ralph Nader,1109
Ashtabula,President/Vice President,,D,Al Gore,19831
Ashtabula,President/Vice President,,L,Harry Browne,141
Ashtabula,President/Vice President,,N,John Hagelin,62
Ashtabula,President/Vice President,,R,George Bush,17940
Ashtabula,U.S. Senate,,D,Ted Celeste,14764
Ashtabula,U.S. Senate,,L,John Mcalister,1165
Ashtabula,U.S. Senate,,N,John Eastman,607
Ashtabula,U.S. Senate,,R,Mike Dewine,21628
Athens,President/Vice President,,,Howard Phillips,26
Athens,President/Vice President,,,Pat Buchanan,743
Athens,President/Vice President,,,Ralph Nader,1663
Athens,President/Vice President,,D,Al Gore,13158
Athens,President/Vice President,,L,Harry Browne,123
Athens,President/Vice President,,N,John Hagelin,31
Athens,President/Vice President,,R,George Bush,9703
Athens,U.S. Senate,,,Patrick Flower,1
Athens,U.S. Senate,,D,Ted Celeste,11069
Athens,U.S. Senate,,L,John Mcalister,1190
Athens,U.S. Senate,,N,John Eastman,442
Athens,U.S. Senate,,R,Mike Dewine,11466
Auglaize,President/Vice President,,,Howard Phillips,19
Auglaize,President/Vice President,,,Pat Buchanan,104
Auglaize,President/Vice President,,,Ralph Nader,372
Auglaize,President/Vice President,,D,Al Gore,5564
Auglaize,President/Vice President,,L,Harry Browne,43
Auglaize,President/Vice President,,N,John Hagelin,20
Auglaize,President/Vice President,,R,George Bush,13770
Auglaize,U.S. Senate,,,Michael Fitzsimmons,1
Auglaize,U.S. Senate,,D,Ted Celeste,4194
Auglaize,U.S. Senate,,L,John Mcalister,424
Auglaize,U.S. Senate,,N,John Eastman,289
Auglaize,U.S. Senate,,R,Mike Dewine,14578
Belmont,President/Vice President,,,Howard Phillips,32
Belmont,President/Vice President,,,Pat Buchanan,657
Belmont,President/Vice President,,,Ralph Nader,723
Belmont,President/Vice President,,D,Al Gore,15980
Belmont,President/Vice President,,L,Harry Browne,91
Belmont,President/Vice President,,N,John Hagelin,33
Belmont,President/Vice President,,R,George Bush,12625
Belmont,U.S. Senate,,D,Ted Celeste,14176
Belmont,U.S. Senate,,L,John Mcalister,726
Belmont,U.S. Senate,,N,John Eastman,429
Belmont,U.S. Senate,,R,Mike Dewine,13467
Brown,President/Vice President,,,Howard Phillips,13
Brown,President/Vice President,,,Pat Buchanan,83
Brown,President/Vice President,,,Ralph Nader,269
Brown,President/Vice President,,D,Al Gore,5972
Brown,President/Vice President,,L,Harry Browne,49
Brown,President/Vice President,,N,John Hagelin,16
Brown,President/Vice President,,R,George Bush,10027
Brown,U.S. Senate,,D,Ted Celeste,4755
Brown,U.S. Senate,,L,John Mcalister,382
Brown,U.S. Senate,,N,John Eastman,260
Brown,U.S. Senate,,R,Mike Dewine,10467
Butler,President/Vice President,,,Howard Phillips,90
Butler,President/Vice President,,,Pat Buchanan,431
Butler,President/Vice President,,,Ralph Nader,2708
Butler,President/Vice President,,D,Al Gore,46390
Butler,President/Vice President,,L,Harry Browne,427
Butler,President/Vice President,,N,John Hagelin,104
Butler,President/Vice President,,R,George Bush,86587
Butler,U.S. Senate,,,Michael Fitzsimmons,1
Butler,U.S. Senate,,,Patrick Flower,2
Butler,U.S. Senate,,D,Ted Celeste,34748
Butler,U.S. Senate,,L,John Mcalister,3465
Butler,U.S. Senate,,N,John Eastman,1862
Butler,U.S. Senate,,R,Mike Dewine,91886
Carroll,President/Vice President,,,Howard Phillips,21
Carroll,President/Vice President,,,Pat Buchanan,207
Carroll,President/Vice President,,,Ralph Nader,271
Carroll,President/Vice President,,D,Al Gore,4960
Carroll,President/Vice President,,L,Harry Browne,39
Carroll,President/Vice President,,N,John Hagelin,31
Carroll,President/Vice President,,R,George Bush,6732
Carroll,U.S. Senate,,D,Ted Celeste,3833
Carroll,U.S. Senate,,L,John Mcalister,328
Carroll,U.S. Senate,,N,John Eastman,231
Carroll,U.S. Senate,,R,Mike Dewine,7525
Champaign,President/Vice President,,,Howard Phillips,12
Champaign,President/Vice President,,,Pat Buchanan,80
Champaign,President/Vice President,,,Ralph Nader,346
Champaign,President/Vice President,,D,Al Gore,5955
Champaign,President/Vice President,,L,Harry Browne,43
Champaign,President/Vice President,,N,John Hagelin,24
Champaign,President/Vice President,,R,George Bush,9220
Champaign,U.S. Senate,,D,Ted Celeste,5299
Champaign,U.S. Senate,,L,John Mcalister,861
Champaign,U.S. Senate,,N,John Eastman,548
Champaign,U.S. Senate,,R,Mike Dewine,8497
Clark,President/Vice President,,,Howard Phillips,51
Clark,President/Vice President,,,Pat Buchanan,221
Clark,President/Vice President,,,Ralph Nader,1347
Clark,President/Vice President,,D,Al Gore,27984
Clark,President/Vice President,,L,Harry Browne,202
Clark,President/Vice President,,N,John Hagelin,94
Clark,President/Vice President,,R,George Bush,27660
Clark,U.S. Senate,,D,Ted Celeste,19508
Clark,U.S. Senate,,L,John Mcalister,1556
Clark,U.S. Senate,,N,John Eastman,1208
Clark,U.S. Senate,,R,Mike Dewine,34297
Clermont,President/Vice President,,,Howard Phillips,25
Clermont,President/Vice President,,,Pat Buchanan,178
Clermont,President/Vice President,,,Ralph Nader,1303
Clermont,President/Vice President,,D,Al Gore,20927
Clermont,President/Vice President,,L,Harry Browne,225
Clermont,President/Vice President,,N,John Hagelin,90
Clermont,President/Vice President,,R,George Bush,47129
Clermont,U.S. Senate,,,Michael Fitzsimmons,3
Clermont,U.S. Senate,,,Patrick Flower,1
Clermont,U.S. Senate,,D,Ted Celeste,16167
Clermont,U.S. Senate,,L,John Mcalister,1952
Clermont,U.S. Senate,,N,John Eastman,1060
Clermont,U.S. Senate,,R,Mike Dewine,49325
Clinton,President/Vice President,,,Howard Phillips,16
Clinton,President/Vice President,,,Pat Buchanan,50
Clinton,President/Vice President,,,Ralph Nader,325
Clinton,President/Vice President,,D,Al Gore,4791
Clinton,President/Vice President,,L,Harry Browne,48
Clinton,President/Vice President,,N,John Hagelin,16
Clinton,President/Vice President,,R,George Bush,9824
Clinton,U.S. Senate,,D,Ted Celeste,3293
Clinton,U.S. Senate,,L,John Mcalister,449
Clinton,U.S. Senate,,N,John Eastman,236
Clinton,U.S. Senate,,R,Mike Dewine,10688
Columbiana,President/Vice President,,,Howard Phillips,51
Columbiana,President/Vice President,,,Pat Buchanan,557
Columbiana,President/Vice President,,,Ralph Nader,1217
Columbiana,President/Vice President,,D,Al Gore,20657
Columbiana,President/Vice President,,L,Harry Browne,95
Columbiana,President/Vice President,,N,John Hagelin,46
Columbiana,President/Vice President,,R,George Bush,21804
Columbiana,U.S. Senate,,D,Ted Celeste,17111
Columbiana,U.S. Senate,,L,John Mcalister,1151
Columbiana,U.S. Senate,,N,John Eastman,953
Columbiana,U.S. Senate,,R,Mike Dewine,24145
Coshocton,President/Vice President,,,Howard Phillips,14
Coshocton,President/Vice President,,,Pat Buchanan,73
Coshocton,President/Vice President,,,Ralph Nader,295
Coshocton,President/Vice President,,D,Al Gore,5594
Coshocton,President/Vice President,,L,Harry Browne,36
Coshocton,President/Vice President,,N,John Hagelin,13
Coshocton,President/Vice President,,R,George Bush,8243
Coshocton,U.S. Senate,,D,Ted Celeste,4375
Coshocton,U.S. Senate,,L,John Mcalister,327
Coshocton,U.S. Senate,,N,John Eastman,178
Coshocton,U.S. Senate,,R,Mike Dewine,8910
Crawford,President/Vice President,,,Howard Phillips,21
Crawford,President/Vice President,,,Pat Buchanan,161
Crawford,President/Vice President,,,Ralph Nader,536
Crawford,President/Vice President,,D,Al Gore,6721
Crawford,President/Vice President,,L,Harry Browne,44
Crawford,President/Vice President,,N,John Hagelin,27
Crawford,President/Vice President,,R,George Bush,11666
Crawford,U.S. Senate,,D,Ted Celeste,5221
Crawford,U.S. Senate,,L,John Mcalister,503
Crawford,U.S. Senate,,N,John Eastman,376
Crawford,U.S. Senate,,R,Mike Dewine,12845
Cuyahoga,President/Vice President,,,Howard Phillips,527
Cuyahoga,President/Vice President,,,James Harris,5
Cuyahoga,President/Vice President,,,Pat Buchanan,3040
Cuyahoga,President/Vice President,,,Ralph Nader,16956
Cuyahoga,President/Vice President,,D,Al Gore,359913
Cuyahoga,President/Vice President,,L,Harry Browne,1374
Cuyahoga,President/Vice President,,N,John Hagelin,868
Cuyahoga,President/Vice President,,R,George Bush,192099
Cuyahoga,U.S. Senate,,,Michael Fitzsimmons,9
Cuyahoga,U.S. Senate,,D,Ted Celeste,236477
Cuyahoga,U.S. Senate,,L,John Mcalister,10203
Cuyahoga,U.S. Senate,,N,John Eastman,6301
Cuyahoga,U.S. Senate,,R,Mike Dewine,242554
Darke,President/Vice President,,,Howard Phillips,27
Darke,President/Vice President,,,Pat Buchanan,119
Darke,President/Vice President,,,Ralph Nader,452
Darke,President/Vice President,,D,Al Gore,7741
Darke,President/Vice President,,L,Harry Browne,75
Darke,President/Vice President,,N,John Hagelin,36
Darke,President/Vice President,,R,George Bush,14817
Darke,U.S. Senate,,D,Ted Celeste,4999
Darke,U.S. Senate,,L,John Mcalister,489
Darke,U.S. Senate,,N,John Eastman,366
Darke,U.S. Senate,,R,Mike Dewine,16905
Defiance,President/Vice President,,,Howard Phillips,14
Defiance,President/Vice President,,,Pat Buchanan,99
Defiance,President/Vice President,,,Ralph Nader,365
Defiance,President/Vice President,,D,Al Gore,6175
Defiance,President/Vice President,,L,Harry Browne,34
Defiance,President/Vice President,,N,John Hagelin,15
Defiance,President/Vice President,,R,George Bush,9540
Defiance,U.S. Senate,,D,Ted Celeste,5070
Defiance,U.S. Senate,,L,John Mcalister,339
Defiance,U.S. Senate,,N,John Eastman,255
Defiance,U.S. Senate,,R,Mike Dewine,10133
Delaware,President/Vice President,,,Howard Phillips,34
Delaware,President/Vice President,,,Pat Buchanan,162
Delaware,President/Vice President,,,Ralph Nader,1212
Delaware,President/Vice President,,D,Al Gore,17134
Delaware,President/Vice President,,L,Harry Browne,162
Delaware,President/Vice President,,N,John Hagelin,60
Delaware,President/Vice President,,R,George Bush,36639
Delaware,U.S. Senate,,,Patrick Flower,1
Delaware,U.S. Senate,,D,Ted Celeste,12794
Delaware,U.S. Senate,,L,John Mcalister,1785
Delaware,U.S. Senate,,N,John Eastman,733
Delaware,U.S. Senate,,R,Mike Dewine,38290
Erie,President/Vice President,,,Howard Phillips,13
Erie,President/Vice President,,,Pat Buchanan,205
Erie,President/Vice President,,,Ralph Nader,872
Erie,President/Vice President,,D,Al Gore,17732
Erie,President/Vice President,,L,Harry Browne,57
Erie,President/Vice President,,N,John Hagelin,31
Erie,President/Vice President,,R,George Bush,16105
Erie,U.S. Senate,,D,Ted Celeste,13878
Erie,U.S. Senate,,L,John Mcalister,635
Erie,U.S. Senate,,N,John Eastman,491
Erie,U.S. Senate,,R,Mike Dewine,18987
Fairfield,President/Vice President,,,Howard Phillips,34
Fairfield,President/Vice President,,,Pat Buchanan,168
Fairfield,President/Vice President,,,Ralph Nader,1115
Fairfield,President/Vice President,,D,Al Gore,19065
Fairfield,President/Vice President,,L,Harry Browne,138
Fairfield,President/Vice President,,N,John Hagelin,51
Fairfield,President/Vice President,,R,George Bush,33523
Fairfield,U.S. Senate,,D,Ted Celeste,13971
Fairfield,U.S. Senate,,L,John Mcalister,1585
Fairfield,U.S. Senate,,N,John Eastman,744
Fairfield,U.S. Senate,,R,Mike Dewine,36304
Fayette,President/Vice President,,,Howard Phillips,8
Fayette,President/Vice President,,,Pat Buchanan,37
Fayette,President/Vice President,,,Ralph Nader,165
Fayette,President/Vice President,,D,Al Gore,3363
Fayette,President/Vice President,,L,Harry Browne,11
Fayette,President/Vice President,,N,John Hagelin,9
Fayette,President/Vice President,,R,George Bush,5685
Fayette,U.S. Senate,,D,Ted Celeste,2267
Fayette,U.S. Senate,,L,John Mcalister,247
Fayette,U.S. Senate,,N,John Eastman,117
Fayette,U.S. Senate,,R,Mike Dewine,6468
Franklin,President/Vice President,,,Howard Phillips,324
Franklin,President/Vice President,,,James Harris,2
Franklin,President/Vice President,,,Pat Buchanan,1114
Franklin,President/Vice President,,,Ralph Nader,10702
Franklin,President/Vice President,,D,Al Gore,202018
Franklin,President/Vice President,,L,Harry Browne,1427
Franklin,President/Vice President,,N,John Hagelin,625
Franklin,President/Vice President,,R,George Bush,197862
Franklin,U.S. Senate,,,Michael Fitzsimmons,11
Franklin,U.S. Senate,,,Patrick Flower,4
Franklin,U.S. Senate,,D,Ted Celeste,155855
Franklin,U.S. Senate,,L,John Mcalister,12661
Franklin,U.S. Senate,,N,John Eastman,6046
Franklin,U.S. Senate,,R,Mike Dewine,218164
Fulton,President/Vice President,,,Howard Phillips,19
Fulton,President/Vice President,,,Pat Buchanan,92
Fulton,President/Vice President,,,Ralph Nader,376
Fulton,President/Vice President,,D,Al Gore,6805
Fulton,President/Vice President,,L,Harry Browne,34
Fulton,President/Vice President,,N,John Hagelin,24
Fulton,President/Vice President,,R,George Bush,11546
Fulton,U.S. Senate,,D,Ted Celeste,4799
Fulton,U.S. Senate,,L,John Mcalister,357
Fulton,U.S. Senate,,N,John Eastman,245
Fulton,U.S. Senate,,R,Mike Dewine,13007
Gallia,President/Vice President,,,Howard Phillips,24
Gallia,President/Vice President,,,Pat Buchanan,97
Gallia,President/Vice President,,,Ralph Nader,215
Gallia,President/Vice President,,D,Al Gore,4872
Gallia,President/Vice President,,L,Harry Browne,29
Gallia,President/Vice President,,N,John Hagelin,28
Gallia,President/Vice President,,R,George Bush,7511
Gallia,U.S. Senate,,D,Ted Celeste,4049
Gallia,U.S. Senate,,L,John Mcalister,355
Gallia,U.S. Senate,,N,John Eastman,199
Gallia,U.S. Senate,,R,Mike Dewine,7580
Geauga,President/Vice President,,,Howard Phillips,24
Geauga,President/Vice President,,,Pat Buchanan,236
Geauga,President/Vice President,,,Ralph Nader,1405
Geauga,President/Vice President,,D,Al Gore,15327
Geauga,President/Vice President,,L,Harry Browne,153
Geauga,President/Vice President,,N,John Hagelin,38
Geauga,President/Vice President,,R,George Bush,25417
Geauga,U.S. Senate,,D,Ted Celeste,10007
Geauga,U.S. Senate,,L,John Mcalister,930
Geauga,U.S. Senate,,N,John Eastman,482
Geauga,U.S. Senate,,R,Mike Dewine,29528
Greene,President/Vice President,,,Howard Phillips,50
Greene,President/Vice President,,,Pat Buchanan,179
Greene,President/Vice President,,,Ralph Nader,1592
Greene,President/Vice President,,D,Al Gore,25059
Greene,President/Vice President,,L,Harry Browne,242
Greene,President/Vice President,,N,John Hagelin,136
Greene,President/Vice President,,R,George Bush,37946
Greene,U.S. Senate,,D,Ted Celeste,14832
Greene,U.S. Senate,,L,John Mcalister,1443
Greene,U.S. Senate,,N,John Eastman,1566
Greene,U.S. Senate,,R,Mike Dewine,46293
Guernsey,President/Vice President,,,Howard Phillips,23
Guernsey,President/Vice President,,,Pat Buchanan,120
Guernsey,President/Vice President,,,Ralph Nader,405
Guernsey,President/Vice President,,D,Al Gore,6643
Guernsey,President/Vice President,,L,Harry Browne,36
Guernsey,President/Vice President,,N,John Hagelin,22
Guernsey,President/Vice President,,R,George Bush,8181
Guernsey,U.S. Senate,,D,Ted Celeste,5046
Guernsey,U.S. Senate,,L,John Mcalister,412
Guernsey,U.S. Senate,,N,John Eastman,222
Guernsey,U.S. Senate,,R,Mike Dewine,9254
Hamilton,President/Vice President,,,Howard Phillips,208
Hamilton,President/Vice President,,,James Harris,1
Hamilton,President/Vice President,,,Pat Buchanan,1084
Hamilton,President/Vice President,,,Ralph Nader,9222
Hamilton,President/Vice President,,D,Al Gore,161578
Hamilton,President/Vice President,,L,Harry Browne,1242
Hamilton,President/Vice President,,N,John Hagelin,389
Hamilton,President/Vice President,,R,George Bush,204175
Hamilton,U.S. Senate,,,Michael Fitzsimmons,1
Hamilton,U.S. Senate,,,Patrick Flower,12
Hamilton,U.S. Senate,,D,Ted Celeste,130106
Hamilton,U.S. Senate,,L,John Mcalister,10065
Hamilton,U.S. Senate,,N,John Eastman,5122
Hamilton,U.S. Senate,,R,Mike Dewine,223984
Hancock,President/Vice President,,,Howard Phillips,18
Hancock,President/Vice President,,,Pat Buchanan,119
Hancock,President/Vice President,,,Ralph Nader,592
Hancock,President/Vice President,,D,Al Gore,8798
Hancock,President/Vice President,,L,Harry Browne,84
Hancock,President/Vice President,,N,John Hagelin,21
Hancock,President/Vice President,,R,George Bush,20985
Hancock,U.S. Senate,,D,Ted Celeste,6384
Hancock,U.S. Senate,,L,John Mcalister,620
Hancock,U.S. Senate,,N,John Eastman,328
Hancock,U.S. Senate,,R,Mike Dewine,22337
Hardin,President/Vice President,,,Howard Phillips,18
Hardin,President/Vice President,,,Pat Buchanan,57
Hardin,President/Vice President,,,Ralph Nader,243
Hardin,President/Vice President,,D,Al Gore,4557
Hardin,President/Vice President,,L,Harry Browne,50
Hardin,President/Vice President,,N,John Hagelin,19
Hardin,President/Vice President,,R,George Bush,7124
Hardin,U.S. Senate,,D,Ted Celeste,3304
Hardin,U.S. Senate,,L,John Mcalister,555
Hardin,U.S. Senate,,N,John Eastman,557
Hardin,U.S. Senate,,R,Mike Dewine,6891
Harrison,President/Vice President,,,Howard Phillips,13
Harrison,President/Vice President,,,Pat Buchanan,151
Harrison,President/Vice President,,,Ralph Nader,192
Harrison,President/Vice President,,D,Al Gore,3351
Harrison,President/Vice President,,L,Harry Browne,23
Harrison,President/Vice President,,N,John Hagelin,14
Harrison,President/Vice President,,R,George Bush,3417
Harrison,U.S. Senate,,D,Ted Celeste,2971
Harrison,U.S. Senate,,L,John Mcalister,196
Harrison,U.S. Senate,,N,John Eastman,118
Harrison,U.S. Senate,,R,Mike Dewine,3628
Henry,President/Vice President,,,Howard Phillips,10
Henry,President/Vice President,,,Pat Buchanan,43
Henry,President/Vice President,,,Ralph Nader,258
Henry,President/Vice President,,D,Al Gore,4367
Henry,President/Vice President,,L,Harry Browne,32
Henry,President/Vice President,,N,John Hagelin,12
Henry,President/Vice President,,R,George Bush,8530
Henry,U.S. Senate,,D,Ted Celeste,3124
Henry,U.S. Senate,,L,John Mcalister,278
Henry,U.S. Senate,,N,John Eastman,188
Henry,U.S. Senate,,R,Mike Dewine,9361
Highland,President/Vice President,,,Howard Phillips,11
Highland,President/Vice President,,,Pat Buchanan,77
Highland,President/Vice President,,,Ralph Nader,245
Highland,President/Vice President,,D,Al Gore,5328
Highland,President/Vice President,,L,Harry Browne,43
Highland,President/Vice President,,N,John Hagelin,15
Highland,President/Vice President,,R,George Bush,9728
Highland,U.S. Senate,,D,Ted Celeste,4196
Highland,U.S. Senate,,L,John Mcalister,422
Highland,U.S. Senate,,N,John Eastman,226
Highland,U.S. Senate,,R,Mike Dewine,10237
Hocking,President/Vice President,,,Howard Phillips,20
Hocking,President/Vice President,,,Pat Buchanan,217
Hocking,President/Vice President,,,Ralph Nader,291
Hocking,President/Vice President,,D,Al Gore,4474
Hocking,President/Vice President,,L,Harry Browne,35
Hocking,President/Vice President,,N,John Hagelin,17
Hocking,President/Vice President,,R,George Bush,5702
Hocking,U.S. Senate,,D,Ted Celeste,3916
Hocking,U.S. Senate,,L,John Mcalister,328
Hocking,U.S. Senate,,N,John Eastman,193
Hocking,U.S. Senate,,R,Mike Dewine,6047
Holmes,President/Vice President,,,Howard Phillips,25
Holmes,President/Vice President,,,Pat Buchanan,96
Holmes,President/Vice President,,,Ralph Nader,172
Holmes,President/Vice President,,D,Al Gore,2066
Holmes,President/Vice President,,L,Harry Browne,21
Holmes,President/Vice President,,N,John Hagelin,11
Holmes,President/Vice President,,R,George Bush,6754
Holmes,U.S. Senate,,D,Ted Celeste,1770
Holmes,U.S. Senate,,L,John Mcalister,167
Holmes,U.S. Senate,,N,John Eastman,140
Holmes,U.S. Senate,,R,Mike Dewine,6745
Huron,President/Vice President,,,Howard Phillips,15
Huron,President/Vice President,,,Pat Buchanan,213
Huron,President/Vice President,,,Ralph Nader,560
Huron,President/Vice President,,D,Al Gore,8183
Huron,President/Vice President,,L,Harry Browne,60
Huron,President/Vice President,,N,John Hagelin,43
Huron,President/Vice President,,R,George Bush,12286
Huron,U.S. Senate,,D,Ted Celeste,6117
Huron,U.S. Senate,,L,John Mcalister,455
Huron,U.S. Senate,,N,John Eastman,445
Huron,U.S. Senate,,R,Mike Dewine,13710
Jackson,President/Vice President,,,Howard Phillips,9
Jackson,President/Vice President,,,Pat Buchanan,90
Jackson,President/Vice President,,,Ralph Nader,222
Jackson,President/Vice President,,D,Al Gore,5131
Jackson,President/Vice President,,L,Harry Browne,33
Jackson,President/Vice President,,N,John Hagelin,47
Jackson,President/Vice President,,R,George Bush,6958
Jackson,U.S. Senate,,D,Ted Celeste,3827
Jackson,U.S. Senate,,L,John Mcalister,305
Jackson,U.S. Senate,,N,John Eastman,214
Jackson,U.S. Senate,,R,Mike Dewine,7517
Jefferson,President/Vice President,,,Howard Phillips,34
Jefferson,President/Vice President,,,Pat Buchanan,1048
Jefferson,President/Vice President,,,Ralph Nader,897
Jefferson,President/Vice President,,D,Al Gore,17488
Jefferson,President/Vice President,,L,Harry Browne,92
Jefferson,President/Vice President,,N,John Hagelin,39
Jefferson,President/Vice President,,R,George Bush,15038
Jefferson,U.S. Senate,,D,Ted Celeste,15222
Jefferson,U.S. Senate,,L,John Mcalister,1047
Jefferson,U.S. Senate,,N,John Eastman,668
Jefferson,U.S. Senate,,R,Mike Dewine,16316
Knox,President/Vice President,,,Howard Phillips,30
Knox,President/Vice President,,,Pat Buchanan,123
Knox,President/Vice President,,,Ralph Nader,452
Knox,President/Vice President,,D,Al Gore,7133
Knox,President/Vice President,,L,Harry Browne,76
Knox,President/Vice President,,N,John Hagelin,53
Knox,President/Vice President,,R,George Bush,13393
Knox,U.S. Senate,,D,Ted Celeste,5699
Knox,U.S. Senate,,L,John Mcalister,655
Knox,U.S. Senate,,N,John Eastman,378
Knox,U.S. Senate,,R,Mike Dewine,13659
Lake,President/Vice President,,,Howard Phillips,80
Lake,President/Vice President,,,Pat Buchanan,695
Lake,President/Vice President,,,Ralph Nader,3166
Lake,President/Vice President,,D,Al Gore,46497
Lake,President/Vice President,,L,Harry Browne,269
Lake,President/Vice President,,N,John Hagelin,110
Lake,President/Vice President,,R,George Bush,51747
Lake,U.S. Senate,,,Michael Fitzsimmons,3
Lake,U.S. Senate,,,Patrick Flower,2
Lake,U.S. Senate,,D,Ted Celeste,29568
Lake,U.S. Senate,,L,John Mcalister,2078
Lake,U.S. Senate,,N,John Eastman,1078
Lake,U.S. Senate,,R,Mike Dewine,62519
Lawrence,President/Vice President,,,Howard Phillips,24
Lawrence,President/Vice President,,,Pat Buchanan,124
Lawrence,President/Vice President,,,Ralph Nader,402
Lawrence,President/Vice President,,D,Al Gore,11307
Lawrence,President/Vice President,,L,Harry Browne,36
Lawrence,President/Vice President,,N,John Hagelin,28
Lawrence,President/Vice President,,R,George Bush,12531
Lawrence,U.S. Senate,,D,Ted Celeste,9323
Lawrence,U.S. Senate,,L,John Mcalister,610
Lawrence,U.S. Senate,,N,John Eastman,306
Lawrence,U.S. Senate,,R,Mike Dewine,13032
Licking,President/Vice President,,,Howard Phillips,60
Licking,President/Vice President,,,Pat Buchanan,264
Licking,President/Vice President,,,Ralph Nader,1498
Licking,President/Vice President,,D,Al Gore,23196
Licking,President/Vice President,,L,Harry Browne,185
Licking,President/Vice President,,N,John Hagelin,83
Licking,President/Vice President,,R,George Bush,37180
Licking,U.S. Senate,,D,Ted Celeste,18373
Licking,U.S. Senate,,L,John Mcalister,1895
Licking,U.S. Senate,,N,John Eastman,1127
Licking,U.S. Senate,,R,Mike Dewine,40006
Logan,President/Vice President,,,Howard Phillips,28
Logan,President/Vice President,,,James Harris,1
Logan,President/Vice President,,,Pat Buchanan,107
Logan,President/Vice President,,,Ralph Nader,449
Logan,President/Vice President,,D,Al Gore,5945
Logan,President/Vice President,,L,Harry Browne,55
Logan,President/Vice President,,N,John Hagelin,21
Logan,President/Vice President,,R,George Bush,11849
Logan,U.S. Senate,,D,Ted Celeste,4614
Logan,U.S. Senate,,L,John Mcalister,690
Logan,U.S. Senate,,N,John Eastman,434
Logan,U.S. Senate,,R,Mike Dewine,12410
Lorain,President/Vice President,,,Howard Phillips,81
Lorain,President/Vice President,,,Pat Buchanan,745
Lorain,President/Vice President,,,Ralph Nader,3183
Lorain,President/Vice President,,D,Al Gore,59809
Lorain,President/Vice President,,L,Harry Browne,253
Lorain,President/Vice President,,N,John Hagelin,152
Lorain,President/Vice President,,R,George Bush,47957
Lorain,U.S. Senate,,,Michael Fitzsimmons,11
Lorain,U.S. Senate,,D,Ted Celeste,44097
Lorain,U.S. Senate,,L,John Mcalister,2355
Lorain,U.S. Senate,,N,John Eastman,1652
Lorain,U.S. Senate,,R,Mike Dewine,60490
Lucas,President/Vice President,,,Howard Phillips,126
Lucas,President/Vice President,,,Pat Buchanan,562
Lucas,President/Vice President,,,Ralph Nader,4227
Lucas,President/Vice President,,D,Al Gore,108344
Lucas,President/Vice President,,L,Harry Browne,519
Lucas,President/Vice President,,N,John Hagelin,230
Lucas,President/Vice President,,R,George Bush,73342
Lucas,U.S. Senate,,,Michael Fitzsimmons,1
Lucas,U.S. Senate,,D,Ted Celeste,74682
Lucas,U.S. Senate,,L,John Mcalister,4918
Lucas,U.S. Senate,,N,John Eastman,4323
Lucas,U.S. Senate,,R,Mike Dewine,89753
Madison,President/Vice President,,,Howard Phillips,18
Madison,President/Vice President,,,Pat Buchanan,75
Madison,President/Vice President,,,Ralph Nader,299
Madison,President/Vice President,,D,Al Gore,5287
Madison,President/Vice President,,L,Harry Browne,44
Madison,President/Vice President,,N,John Hagelin,52
Madison,President/Vice President,,R,George Bush,8892
Madison,U.S. Senate,,D,Ted Celeste,6070
Madison,U.S. Senate,,L,John Mcalister,1539
Madison,U.S. Senate,,N,John Eastman,677
Madison,U.S. Senate,,R,Mike Dewine,5534
Mahoning,President/Vice President,,,Howard Phillips,52
Mahoning,President/Vice President,,,Pat Buchanan,815
Mahoning,President/Vice President,,,Ralph Nader,3322
Mahoning,President/Vice President,,D,Al Gore,69212
Mahoning,President/Vice President,,L,Harry Browne,183
Mahoning,President/Vice President,,N,John Hagelin,75
Mahoning,President/Vice President,,R,George Bush,40460
Mahoning,U.S. Senate,,,Patrick Flower,3
Mahoning,U.S. Senate,,D,Ted Celeste,55064
Mahoning,U.S. Senate,,L,John Mcalister,2222
Mahoning,U.S. Senate,,N,John Eastman,1675
Mahoning,U.S. Senate,,R,Mike Dewine,50568
Marion,President/Vice President,,,Howard Phillips,18
Marion,President/Vice President,,,Pat Buchanan,142
Marion,President/Vice President,,,Ralph Nader,588
Marion,President/Vice President,,D,Al Gore,10370
Marion,President/Vice President,,L,Harry Browne,46
Marion,President/Vice President,,N,John Hagelin,34
Marion,President/Vice President,,R,George Bush,13617
Marion,U.S. Senate,,D,Ted Celeste,7675
Marion,U.S. Senate,,L,John Mcalister,670
Marion,U.S. Senate,,N,John Eastman,540
Marion,U.S. Senate,,R,Mike Dewine,15554
Medina,President/Vice President,,,Howard Phillips,60
Medina,President/Vice President,,,Pat Buchanan,532
Medina,President/Vice President,,,Ralph Nader,1960
Medina,President/Vice President,,D,Al Gore,26635
Medina,President/Vice President,,L,Harry Browne,198
Medina,President/Vice President,,N,John Hagelin,149
Medina,President/Vice President,,R,George Bush,37349
Medina,U.S. Senate,,D,Ted Celeste,17145
Medina,U.S. Senate,,L,John Mcalister,1576
Medina,U.S. Senate,,N,John Eastman,1010
Medina,U.S. Senate,,R,Mike Dewine,44629
Meigs,President/Vice President,,,Howard Phillips,11
Meigs,President/Vice President,,,Pat Buchanan,76
Meigs,President/Vice President,,,Ralph Nader,226
Meigs,President/Vice President,,D,Al Gore,3674
Meigs,President/Vice President,,L,Harry Browne,33
Meigs,President/Vice President,,N,John Hagelin,25
Meigs,President/Vice President,,R,George Bush,5750
Meigs,U.S. Senate,,D,Ted Celeste,2860
Meigs,U.S. Senate,,L,John Mcalister,276
Meigs,U.S. Senate,,N,John Eastman,236
Meigs,U.S. Senate,,R,Mike Dewine,5881
Mercer,President/Vice President,,,Howard Phillips,13
Mercer,President/Vice President,,,Pat Buchanan,125
Mercer,President/Vice President,,,Ralph Nader,392
Mercer,President/Vice President,,D,Al Gore,5212
Mercer,President/Vice President,,L,Harry Browne,43
Mercer,President/Vice President,,N,John Hagelin,24
Mercer,President/Vice President,,R,George Bush,12485
Mercer,U.S. Senate,,D,Ted Celeste,4259
Mercer,U.S. Senate,,L,John Mcalister,293
Mercer,U.S. Senate,,N,John Eastman,207
Mercer,U.S. Senate,,R,Mike Dewine,13239
Miami,President/Vice President,,,Howard Phillips,15
Miami,President/Vice President,,,Pat Buchanan,116
Miami,President/Vice President,,,Ralph Nader,879
Miami,President/Vice President,,D,Al Gore,15584
Miami,President/Vice President,,L,Harry Browne,173
Miami,President/Vice President,,N,John Hagelin,37
Miami,President/Vice President,,R,George Bush,26037
Miami,U.S. Senate,,D,Ted Celeste,9494
Miami,U.S. Senate,,L,John Mcalister,1297
Miami,U.S. Senate,,N,John Eastman,600
Miami,U.S. Senate,,R,Mike Dewine,30394
Monroe,President/Vice President,,,Howard Phillips,13
Monroe,President/Vice President,,,Pat Buchanan,160
Monroe,President/Vice President,,,Ralph Nader,149
Monroe,President/Vice President,,D,Al Gore,3605
Monroe,President/Vice President,,L,Harry Browne,28
Monroe,President/Vice President,,N,John Hagelin,15
Monroe,President/Vice President,,R,George Bush,3145
Monroe,U.S. Senate,,D,Ted Celeste,3241
Monroe,U.S. Senate,,L,John Mcalister,164
Monroe,U.S. Senate,,N,John Eastman,99
Monroe,U.S. Senate,,R,Mike Dewine,3217
Montgomery,President/Vice President,,,Howard Phillips,191
Montgomery,President/Vice President,,,Pat Buchanan,594
Montgomery,President/Vice President,,,Ralph Nader,4690
Montgomery,President/Vice President,,D,Al Gore,114597
Montgomery,President/Vice President,,L,Harry Browne,827
Montgomery,President/Vice President,,N,John Hagelin,296
Montgomery,President/Vice President,,R,George Bush,109792
Montgomery,U.S. Senate,,,Michael Fitzsimmons,1
Montgomery,U.S. Senate,,D,Ted Celeste,69676
Montgomery,U.S. Senate,,L,John Mcalister,4612
Montgomery,U.S. Senate,,N,John Eastman,2865
Montgomery,U.S. Senate,,R,Mike Dewine,126983
Morgan,President/Vice President,,,Howard Phillips,12
Morgan,President/Vice President,,,Pat Buchanan,72
Morgan,President/Vice President,,,Ralph Nader,177
Morgan,President/Vice President,,D,Al Gore,2261
Morgan,President/Vice President,,L,Harry Browne,11
Morgan,President/Vice President,,N,John Hagelin,9
Morgan,President/Vice President,,R,George Bush,3451
Morgan,U.S. Senate,,D,Ted Celeste,1730
Morgan,U.S. Senate,,L,John Mcalister,181
Morgan,U.S. Senate,,N,John Eastman,90
Morgan,U.S. Senate,,R,Mike Dewine,3786
Morrow,President/Vice President,,,Howard Phillips,12
Morrow,President/Vice President,,,Pat Buchanan,97
Morrow,President/Vice President,,,Ralph Nader,305
Morrow,President/Vice President,,D,Al Gore,4529
Morrow,President/Vice President,,L,Harry Browne,33
Morrow,President/Vice President,,N,John Hagelin,21
Morrow,President/Vice President,,R,George Bush,7842
Morrow,U.S. Senate,,D,Ted Celeste,3646
Morrow,U.S. Senate,,L,John Mcalister,533
Morrow,U.S. Senate,,N,John Eastman,266
Morrow,U.S. Senate,,R,Mike Dewine,8065
Muskingum,President/Vice President,,,Howard Phillips,38
Muskingum,President/Vice President,,,Pat Buchanan,176
Muskingum,President/Vice President,,,Ralph Nader,882
Muskingum,President/Vice President,,D,Al Gore,13415
Muskingum,President/Vice President,,L,Harry Browne,79
Muskingum,President/Vice President,,N,John Hagelin,39
Muskingum,President/Vice President,,R,George Bush,17995
Muskingum,U.S. Senate,,D,Ted Celeste,10441
Muskingum,U.S. Senate,,L,John Mcalister,898
Muskingum,U.S. Senate,,N,John Eastman,467
Muskingum,U.S. Senate,,R,Mike Dewine,19930
Noble,President/Vice President,,,Howard Phillips,9
Noble,President/Vice President,,,Pat Buchanan,75
Noble,President/Vice President,,,Ralph Nader,154
Noble,President/Vice President,,D,Al Gore,2296
Noble,President/Vice President,,L,Harry Browne,13
Noble,President/Vice President,,N,John Hagelin,6
Noble,President/Vice President,,R,George Bush,3435
Noble,U.S. Senate,,D,Ted Celeste,1857
Noble,U.S. Senate,,L,John Mcalister,154
Noble,U.S. Senate,,N,John Eastman,89
Noble,U.S. Senate,,R,Mike Dewine,3604
Ottawa,President/Vice President,,,Howard Phillips,5
Ottawa,President/Vice President,,,Pat Buchanan,71
Ottawa,President/Vice President,,,Ralph Nader,432
Ottawa,President/Vice President,,D,Al Gore,9485
Ottawa,President/Vice President,,L,Harry Browne,41
Ottawa,President/Vice President,,N,John Hagelin,17
Ottawa,President/Vice President,,R,George Bush,9917
Ottawa,U.S. Senate,,D,Ted Celeste,7336
Ottawa,U.S. Senate,,L,John Mcalister,381
Ottawa,U.S. Senate,,N,John Eastman,219
Ottawa,U.S. Senate,,R,Mike Dewine,11641
Paulding,President/Vice President,,,Howard Phillips,11
Paulding,President/Vice President,,,Pat Buchanan,62
Paulding,President/Vice President,,,Ralph Nader,242
Paulding,President/Vice President,,D,Al Gore,3384
Paulding,President/Vice President,,L,Harry Browne,25
Paulding,President/Vice President,,N,John Hagelin,12
Paulding,President/Vice President,,R,George Bush,5210
Paulding,U.S. Senate,,D,Ted Celeste,2973
Paulding,U.S. Senate,,L,John Mcalister,288
Paulding,U.S. Senate,,N,John Eastman,196
Paulding,U.S. Senate,,R,Mike Dewine,5175
Perry,President/Vice President,,,Howard Phillips,17
Perry,President/Vice President,,,Pat Buchanan,97
Perry,President/Vice President,,,Ralph Nader,334
Perry,President/Vice President,,D,Al Gore,5895
Perry,President/Vice President,,L,Harry Browne,28
Perry,President/Vice President,,N,John Hagelin,17
Perry,President/Vice President,,R,George Bush,6440
Perry,U.S. Senate,,D,Ted Celeste,4676
Perry,U.S. Senate,,L,John Mcalister,325
Perry,U.S. Senate,,N,John Eastman,263
Perry,U.S. Senate,,R,Mike Dewine,7177
Pickaway,President/Vice President,,,Howard Phillips,13
Pickaway,President/Vice President,,,Pat Buchanan,68
Pickaway,President/Vice President,,,Ralph Nader,276
Pickaway,President/Vice President,,D,Al Gore,6598
Pickaway,President/Vice President,,L,Harry Browne,45
Pickaway,President/Vice President,,N,John Hagelin,23
Pickaway,President/Vice President,,R,George Bush,10717
Pickaway,U.S. Senate,,D,Ted Celeste,4589
Pickaway,U.S. Senate,,L,John Mcalister,507
Pickaway,U.S. Senate,,N,John Eastman,250
Pickaway,U.S. Senate,,R,Mike Dewine,11694
Pike,President/Vice President,,,Howard Phillips,8
Pike,President/Vice President,,,Pat Buchanan,66
Pike,President/Vice President,,,Ralph Nader,176
Pike,President/Vice President,,D,Al Gore,4923
Pike,President/Vice President,,L,Harry Browne,31
Pike,President/Vice President,,N,John Hagelin,23
Pike,President/Vice President,,R,George Bush,5333
Pike,U.S. Senate,,D,Ted Celeste,4513
Pike,U.S. Senate,,L,John Mcalister,241
Pike,U.S. Senate,,N,John Eastman,131
Pike,U.S. Senate,,R,Mike Dewine,5353
Portage,President/Vice President,,,Howard Phillips,60
Portage,President/Vice President,,,Pat Buchanan,446
Portage,President/Vice President,,,Ralph Nader,2340
Portage,President/Vice President,,D,Al Gore,31446
Portage,President/Vice President,,L,Harry Browne,216
Portage,President/Vice President,,N,John Hagelin,120
Portage,President/Vice President,,R,George Bush,28271
Portage,U.S. Senate,,,Patrick Flower,1
Portage,U.S. Senate,,D,Ted Celeste,23218
Portage,U.S. Senate,,L,John Mcalister,1937
Portage,U.S. Senate,,N,John Eastman,1369
Portage,U.S. Senate,,R,Mike Dewine,34078
Preble,President/Vice President,,,Howard Phillips,7
Preble,President/Vice President,,,Pat Buchanan,82
Preble,President/Vice President,,,Ralph Nader,404
Preble,President/Vice President,,D,Al Gore,6375
Preble,President/Vice President,,L,Harry Browne,95
Preble,President/Vice President,,N,John Hagelin,27
Preble,President/Vice President,,R,George Bush,11176
Preble,U.S. Senate,,D,Ted Celeste,4424
Preble,U.S. Senate,,L,John Mcalister,589
Preble,U.S. Senate,,N,John Eastman,291
Preble,U.S. Senate,,R,Mike Dewine,12378
Putnam,President/Vice President,,,Howard Phillips,6
Putnam,President/Vice President,,,Pat Buchanan,124
Putnam,President/Vice President,,,Ralph Nader,254
Putnam,President/Vice President,,D,Al Gore,4063
Putnam,President/Vice President,,L,Harry Browne,45
Putnam,President/Vice President,,N,John Hagelin,15
Putnam,President/Vice President,,R,George Bush,12837
Putnam,U.S. Senate,,D,Ted Celeste,3616
Putnam,U.S. Senate,,L,John Mcalister,310
Putnam,U.S. Senate,,N,John Eastman,230
Putnam,U.S. Senate,,R,Mike Dewine,12714
Richland,President/Vice President,,,Howard Phillips,57
Richland,President/Vice President,,,Pat Buchanan,533
Richland,President/Vice President,,,Ralph Nader,1306
Richland,President/Vice President,,D,Al Gore,20572
Richland,President/Vice President,,L,Harry Browne,120
Richland,President/Vice President,,N,John Hagelin,53
Richland,President/Vice President,,R,George Bush,30138
Richland,U.S. Senate,,D,Ted Celeste,16334
Richland,U.S. Senate,,L,John Mcalister,1131
Richland,U.S. Senate,,N,John Eastman,765
Richland,U.S. Senate,,R,Mike Dewine,33237
Ross,President/Vice President,,,Howard Phillips,15
Ross,President/Vice President,,,Pat Buchanan,122
Ross,President/Vice President,,,Ralph Nader,421
Ross,President/Vice President,,D,Al Gore,11662
Ross,President/Vice President,,L,Harry Browne,60
Ross,President/Vice President,,N,John Hagelin,30
Ross,President/Vice President,,R,George Bush,13706
Ross,U.S. Senate,,D,Ted Celeste,9140
Ross,U.S. Senate,,L,John Mcalister,576
Ross,U.S. Senate,,N,John Eastman,271
Ross,U.S. Senate,,R,Mike Dewine,15062
Sandusky,President/Vice President,,,Howard Phillips,30
Sandusky,President/Vice President,,,Pat Buchanan,157
Sandusky,President/Vice President,,,Ralph Nader,587
Sandusky,President/Vice President,,D,Al Gore,11146
Sandusky,President/Vice President,,L,Harry Browne,86
Sandusky,President/Vice President,,N,John Hagelin,39
Sandusky,President/Vice President,,R,George Bush,13699
Sandusky,U.S. Senate,,D,Ted Celeste,8084
Sandusky,U.S. Senate,,L,John Mcalister,575
Sandusky,U.S. Senate,,N,John Eastman,409
Sandusky,U.S. Senate,,R,Mike Dewine,16053
Scioto,President/Vice President,,,Howard Phillips,53
Scioto,President/Vice President,,,Pat Buchanan,159
Scioto,President/Vice President,,,Ralph Nader,590
Scioto,President/Vice President,,D,Al Gore,13997
Scioto,President/Vice President,,L,Harry Browne,85
Scioto,President/Vice President,,N,John Hagelin,39
Scioto,President/Vice President,,R,George Bush,15022
Scioto,U.S. Senate,,D,Ted Celeste,11906
Scioto,U.S. Senate,,L,John Mcalister,759
Scioto,U.S. Senate,,N,John Eastman,375
Scioto,U.S. Senate,,R,Mike Dewine,15814
Seneca,President/Vice President,,,Howard Phillips,19
Seneca,President/Vice President,,,Pat Buchanan,183
Seneca,President/Vice President,,,Ralph Nader,666
Seneca,President/Vice President,,D,Al Gore,9512
Seneca,President/Vice President,,L,Harry Browne,55
Seneca,President/Vice President,,N,John Hagelin,53
Seneca,President/Vice President,,R,George Bush,13863
Seneca,U.S. Senate,,,Michael Fitzsimmons,1
Seneca,U.S. Senate,,D,Ted Celeste,6732
Seneca,U.S. Senate,,L,John Mcalister,549
Seneca,U.S. Senate,,N,John Eastman,482
Seneca,U.S. Senate,,R,Mike Dewine,16045
Shelby,President/Vice President,,,Howard Phillips,17
Shelby,President/Vice President,,,Pat Buchanan,115
Shelby,President/Vice President,,,Ralph Nader,392
Shelby,President/Vice President,,D,Al Gore,6593
Shelby,President/Vice President,,L,Harry Browne,50
Shelby,President/Vice President,,N,John Hagelin,27
Shelby,President/Vice President,,R,George Bush,12476
Shelby,U.S. Senate,,D,Ted Celeste,4586
Shelby,U.S. Senate,,L,John Mcalister,537
Shelby,U.S. Senate,,N,John Eastman,353
Shelby,U.S. Senate,,R,Mike Dewine,13630
Stark,President/Vice President,,,Howard Phillips,201
Stark,President/Vice President,,,Pat Buchanan,1499
Stark,President/Vice President,,,Ralph Nader,4032
Stark,President/Vice President,,D,Al Gore,75308
Stark,President/Vice President,,L,Harry Browne,425
Stark,President/Vice President,,N,John Hagelin,226
Stark,President/Vice President,,R,George Bush,78153
Stark,U.S. Senate,,D,Ted Celeste,54351
Stark,U.S. Senate,,L,John Mcalister,3789
Stark,U.S. Senate,,N,John Eastman,2374
Stark,U.S. Senate,,R,Mike Dewine,95570
Summit,President/Vice President,,,Howard Phillips,150
Summit,President/Vice President,,,James Harris,1
Summit,President/Vice President,,,Pat Buchanan,1363
Summit,President/Vice President,,,Ralph Nader,5955
Summit,President/Vice President,,D,Al Gore,119759
Summit,President/Vice President,,L,Harry Browne,626
Summit,President/Vice President,,N,John Hagelin,264
Summit,President/Vice President,,R,George Bush,96721
Summit,U.S. Senate,,D,Ted Celeste,87933
Summit,U.S. Senate,,L,John Mcalister,5208
Summit,U.S. Senate,,N,John Eastman,3198
Summit,U.S. Senate,,R,Mike Dewine,122148
Trumbull,President/Vice President,,,Howard Phillips,54
Trumbull,President/Vice President,,,Pat Buchanan,844
Trumbull,President/Vice President,,,Ralph Nader,2749
Trumbull,President/Vice President,,D,Al Gore,57643
Trumbull,President/Vice President,,L,Harry Browne,200
Trumbull,President/Vice President,,N,John Hagelin,95
Trumbull,President/Vice President,,R,George Bush,34654
Trumbull,U.S. Senate,,D,Ted Celeste,41444
Trumbull,U.S. Senate,,L,John Mcalister,2064
Trumbull,U.S. Senate,,N,John Eastman,1462
Trumbull,U.S. Senate,,R,Mike Dewine,39137
Tuscarawas,President/Vice President,,,Howard Phillips,34
Tuscarawas,President/Vice President,,,Pat Buchanan,420
Tuscarawas,President/Vice President,,,Ralph Nader,1061
Tuscarawas,President/Vice President,,D,Al Gore,15879
Tuscarawas,President/Vice President,,L,Harry Browne,95
Tuscarawas,President/Vice President,,N,John Hagelin,80
Tuscarawas,President/Vice President,,R,George Bush,19549
Tuscarawas,U.S. Senate,,D,Ted Celeste,13124
Tuscarawas,U.S. Senate,,L,John Mcalister,861
Tuscarawas,U.S. Senate,,N,John Eastman,557
Tuscarawas,U.S. Senate,,R,Mike Dewine,21076
Union,President/Vice President,,,Howard Phillips,21
Union,President/Vice President,,,Pat Buchanan,64
Union,President/Vice President,,,Ralph Nader,336
Union,President/Vice President,,D,Al Gore,5040
Union,President/Vice President,,L,Harry Browne,50
Union,President/Vice President,,N,John Hagelin,11
Union,President/Vice President,,R,George Bush,11502
Union,U.S. Senate,,,Patrick Flower,1
Union,U.S. Senate,,D,Ted Celeste,5127
Union,U.S. Senate,,L,John Mcalister,1307
Union,U.S. Senate,,N,John Eastman,540
Union,U.S. Senate,,R,Mike Dewine,9453
Van Wert,President/Vice President,,,Howard Phillips,3
Van Wert,President/Vice President,,,Pat Buchanan,62
Van Wert,President/Vice President,,,Ralph Nader,216
Van Wert,President/Vice President,,D,Al Gore,4209
Van Wert,President/Vice President,,L,Harry Browne,39
Van Wert,President/Vice President,,N,John Hagelin,11
Van Wert,President/Vice President,,R,George Bush,8679
Van Wert,U.S. Senate,,D,Ted Celeste,3416
Van Wert,U.S. Senate,,L,John Mcalister,327
Van Wert,U.S. Senate,,N,John Eastman,192
Van Wert,U.S. Senate,,R,Mike Dewine,8954
Vinton,President/Vice President,,,Howard Phillips,9
Vinton,President/Vice President,,,Pat Buchanan,42
Vinton,President/Vice President,,,Ralph Nader,110
Vinton,President/Vice President,,D,Al Gore,2037
Vinton,President/Vice President,,L,Harry Browne,13
Vinton,President/Vice President,,N,John Hagelin,15
Vinton,President/Vice President,,R,George Bush,2720
Vinton,U.S. Senate,,D,Ted Celeste,1737
Vinton,U.S. Senate,,L,John Mcalister,130
Vinton,U.S. Senate,,N,John Eastman,82
Vinton,U.S. Senate,,R,Mike Dewine,2764
Warren,President/Vice President,,,Howard Phillips,37
Warren,President/Vice President,,,Pat Buchanan,207
Warren,President/Vice President,,,Ralph Nader,1067
Warren,President/Vice President,,D,Al Gore,19142
Warren,President/Vice President,,L,Harry Browne,248
Warren,President/Vice President,,N,John Hagelin,59
Warren,President/Vice President,,R,George Bush,48318
Warren,U.S. Senate,,D,Ted Celeste,13546
Warren,U.S. Senate,,L,John Mcalister,1776
Warren,U.S. Senate,,N,John Eastman,821
Warren,U.S. Senate,,R,Mike Dewine,51135
Washington,President/Vice President,,,Howard Phillips,12
Washington,President/Vice President,,,Pat Buchanan,108
Washington,President/Vice President,,,Ralph Nader,571
Washington,President/Vice President,,D,Al Gore,10383
Washington,President/Vice President,,L,Harry Browne,77
Washington,President/Vice President,,N,John Hagelin,22
Washington,President/Vice President,,R,George Bush,15342
Washington,U.S. Senate,,D,Ted Celeste,8858
Washington,U.S. Senate,,L,John Mcalister,655
Washington,U.S. Senate,,N,John Eastman,321
Washington,U.S. Senate,,R,Mike Dewine,15574
Wayne,President/Vice President,,,Howard Phillips,31
Wayne,President/Vice President,,,Pat Buchanan,398
Wayne,President/Vice President,,,Ralph Nader,1171
Wayne,President/Vice President,,D,Al Gore,14779
Wayne,President/Vice President,,L,Harry Browne,112
Wayne,President/Vice President,,N,John Hagelin,44
Wayne,President/Vice President,,R,George Bush,25901
Wayne,U.S. Senate,,D,Ted Celeste,11000
Wayne,U.S. Senate,,L,John Mcalister,1033
Wayne,U.S. Senate,,N,John Eastman,582
Wayne,U.S. Senate,,R,Mike Dewine,28511
Williams,President/Vice President,,,Howard Phillips,16
Williams,President/Vice President,,,Pat Buchanan,101
Williams,President/Vice President,,,Ralph Nader,347
Williams,President/Vice President,,D,Al Gore,5454
Williams,President/Vice President,,L,Harry Browne,36
Williams,President/Vice President,,N,John Hagelin,24
Williams,President/Vice President,,R,George Bush,9941
Williams,U.S. Senate,,D,Ted Celeste,3980
Williams,U.S. Senate,,L,John Mcalister,350
Williams,U.S. Senate,,N,John Eastman,289
Williams,U.S. Senate,,R,Mike Dewine,10820
Wood,President/Vice President,,,Howard Phillips,33
Wood,President/Vice President,,,Pat Buchanan,210
Wood,President/Vice President,,,Ralph Nader,1536
Wood,President/Vice President,,D,Al Gore,22687
Wood,President/Vice President,,L,Harry Browne,134
Wood,President/Vice President,,N,John Hagelin,90
Wood,President/Vice President,,R,George Bush,27504
Wood,U.S. Senate,,D,Ted Celeste,16333
Wood,U.S. Senate,,L,John Mcalister,1281
Wood,U.S. Senate,,N,John Eastman,716
Wood,U.S. Senate,,R,Mike Dewine,32097
Wyandot,President/Vice President,,,Howard Phillips,13
Wyandot,President/Vice President,,,Pat Buchanan,70
Wyandot,President/Vice President,,,Ralph Nader,191
Wyandot,President/Vice President,,D,Al Gore,3397
Wyandot,President/Vice President,,L,Harry Browne,24
Wyandot,President/Vice President,,N,John Hagelin,19
Wyandot,President/Vice President,,R,George Bush,6113
Wyandot,U.S. Senate,,D,Ted Celeste,2347
Wyandot,U.S. Senate,,L,John Mcalister,290
Wyandot,U.S. Senate,,N,John Eastman,167
Wyandot,U.S. Senate,,R,Mike Dewine,6803
